plot,month_order,month,n_outplants_present,total_outplant_area_m2,plot_area_m2,percent_outplant_cover
Plot E,1,May,61,0.06208225,480,0.012933802083333333
Plot E,2,June,55,0.055176499999999996,480,0.011495104166666666
Plot E,3,July,54,0.11249674999999998,480,0.023436822916666662
Plot E,4,August,55,0.12059449999999997,480,0.02512385416666666
Plot E,5,September,55,0.07841600000000004,480,0.016336666666666676
Plot E,6,October,54,0.07839525000000001,480,0.016332343750000002
Plot E,7,November,56,0.07591074999999999,480,0.01581473958333333
