plot,month_order,month,n_surviving_from_baseline,n_died_interval,baseline_surviving_area_m2,cumulative_deaths_observed,baseline_month,n_baseline,percent_cumulative_survival,percent_cumulative_survival_low,percent_cumulative_survival_high
Plot E,1,May,61,0,0.06208225,0,May,61,100,94.13187760677074,100
Plot E,2,June,55,6,0.055176499999999996,6,May,61,90.1639344262295,79.81038081456299,96.30400051221481
Plot E,3,July,54,1,0.11249674999999998,7,May,61,88.52459016393442,77.77507914635025,95.25977428535825
Plot E,4,August,53,1,0.11987699999999997,8,May,61,86.88524590163935,75.78413113166378,94.16394941602594
Plot E,5,September,53,0,0.07762450000000004,8,May,61,86.88524590163935,75.78413113166378,94.16394941602594
Plot E,6,October,53,0,0.07807700000000001,8,May,61,86.88524590163935,75.78413113166378,94.16394941602594
Plot E,7,November,53,0,0.07495474999999999,8,May,61,86.88524590163935,75.78413113166378,94.16394941602594
