plot,interval_order,month_start,month_end,n_start,n_survived,n_died,n_born,percent_survival,percent_survival_low,percent_survival_high,interval_label
Plot E,1,May,June,61,55,6,0,90.1639344262295,79.81038081456299,96.30400051221481,May to June
Plot E,2,June,July,55,54,1,0,98.18181818181819,90.28089842507467,99.95397821512043,June to July
Plot E,3,July,August,54,53,1,2,98.14814814814815,90.10848404921488,99.9531261596182,July to August
Plot E,4,August,September,55,55,0,0,100,93.51292391745754,100,August to September
Plot E,5,September,October,55,54,1,0,98.18181818181819,90.28089842507467,99.95397821512043,September to October
Plot E,6,October,November,54,54,0,2,100,93.39684857555783,100,October to November
